40.743,-73.988,2
40.74224766,-73.9880338,0
40.742188308,-73.987924189,0
40.742188308,-73.987924189,0
40.743030203,-73.988413811,2
40.742188308,-73.987924189,0
40.7425074,-73.9886048,2
40.741267568,-73.988188872,0
40.741833333,-73.9885,1
40.742184819,-73.98838288,0
40.741672706,-73.989288211,1
40.742188308,-73.987924189,0
40.741160589,-73.988113403,0
40.741649144,-73.989114559,1
40.742166667,-73.988,0
40.741160589,-73.988113403,0
40.742293796,-73.989065957,1
40.742188308,-73.987924189,0
40.742188308,-73.987924189,0
40.742188308,-73.987924189,0
40.742188308,-73.987924189,0
40.742312549,-73.986906663,3
40.741666667,-73.9885,1
40.742188308,-73.987924189,0
40.742188308,-73.987924189,0
40.7425,-73.987166667,3
40.741833333,-73.989166667,1
40.742188308,-73.987924189,0
40.741833333,-73.989166667,1
40.742188308,-73.987924189,0
40.742426408,-73.987136995,3
40.741672706,-73.989288211,1
40.742188308,-73.987924189,0
40.741672706,-73.989288211,1
40.742188308,-73.987924189,0
40.742466024,-73.987846573,0
40.741672706,-73.989288211,1
40.742968333,-73.987353785,3
40.741672706,-73.989288211,1
40.741160589,-73.988113403,0
40.742739975,-73.9878021,3
40.742188308,-73.987924189,0
40.741672706,-73.989288211,1
40.742316102,-73.987803692,0
40.742188308,-73.987924189,0
40.742188308,-73.987924189,0
40.742188308,-73.987924189,0
40.741666667,-73.988666667,1
40.74253442,-73.986724735,3
40.741857188,-73.987962062,0
40.741489576,-73.987748682,0
40.742188308,-73.987924189,0
40.742333333,-73.9875,3
40.742188308,-73.987924189,0
40.741615463,-73.988644324,1
40.742188308,-73.987924189,0
40.742188308,-73.987924189,0
40.742188308,-73.987924189,0
40.742479713,-73.988385186,2
40.742188308,-73.987924189,0
40.741311802,-73.988960293,1
40.741666667,-73.989333333,1
40.742666667,-73.987333333,3
40.741672706,-73.989288211,1
40.741672706,-73.989288211,1
40.742188308,-73.987924189,0
40.742166667,-73.9875,0
40.742166667,-73.987333333,3
40.741160589,-73.988113403,0
40.7418784,-73.9886928,1
40.742188308,-73.987924189,0
40.7415,-73.9885,1
40.741491515,-73.988713348,1
40.741666667,-73.988833333,1
40.742188308,-73.987924189,0
40.742188308,-73.987924189,0
40.742188308,-73.987924189,0
40.741368752,-73.988984556,1
40.7425,-73.987666667,3
40.743329386,-73.987925784,2
40.741666667,-73.9885,1
40.7415,-73.9875,0
40.74112759,-73.988511711,1
40.742166667,-73.988333333,0
40.742188308,-73.987924189,0
40.741833333,-73.9885,1
40.741947322,-73.988879983,1
40.74279961,-73.987699002,3
40.742166667,-73.988833333,1
40.742188308,-73.987924189,0
40.741666667,-73.988666667,1
40.741,-73.988,0
40.741672706,-73.989288211,1
40.741672706,-73.989288211,1
40.741977891,-73.988818319,1
40.742693208,-73.98663291,3
40.742188308,-73.987924189,0
40.741674563,-73.988470015,1
40.742188308,-73.987924189,0
40.741333333,-73.988,0
40.742188308,-73.987924189,0
40.741672706,-73.989288211,1
40.742166667,-73.989,1
40.742188308,-73.987924189,0
40.741655,-73.988869,1
40.742670321,-73.987002717,3
40.741672706,-73.989288211,1
40.741333333,-73.988166667,0
40.7415,-73.989166667,1
40.7415,-73.988666667,1
40.742333333,-73.988333333,0
40.742188308,-73.987924189,0
40.742188308,-73.987924189,0
40.742188308,-73.987924189,0
40.741672706,-73.989288211,1
40.742188308,-73.987924189,0
40.742188308,-73.987924189,0
40.741833333,-73.989166667,1
40.741333333,-73.9885,1
40.742693208,-73.98663291,3
40.742666667,-73.9875,3
40.742188308,-73.987924189,0
40.742188308,-73.987924189,0
40.741160589,-73.988113403,0
40.742188308,-73.987924189,0
40.742188308,-73.987924189,0
40.742333333,-73.9885,2
40.741904377,-73.98906827,1
40.742166667,-73.987333333,3
40.742188308,-73.987924189,0
40.74263938,-73.988600703,2
40.742188308,-73.987924189,0
40.741672706,-73.989288211,1
40.741720594,-73.989417319,1
40.741160589,-73.988113403,0
40.742188308,-73.987924189,0
40.742166667,-73.9885,0
40.742188308,-73.987924189,0
40.741666667,-73.988833333,1
40.742188308,-73.987924189,0
40.742188308,-73.987924189,0
40.742188308,-73.987924189,0
40.742188308,-73.987924189,0
40.742188308,-73.987924189,0
40.741666667,-73.988333333,0
40.742188308,-73.987924189,0
40.742188308,-73.987924189,0
40.742188308,-73.987924189,0
40.742188308,-73.987924189,0
40.741833333,-73.9885,1
40.7415,-73.9885,1
40.742188308,-73.987924189,0
40.742188308,-73.987924189,0
40.741860077,-73.989138793,1
40.742188308,-73.987924189,0
40.742066392,-73.988351005,0
40.741672706,-73.989288211,1
40.741835577,-73.988620532,1
40.741160589,-73.988113403,0
40.7418848,-73.9872394,0
40.742188308,-73.987924189,0
40.741472569,-73.988579421,1
40.741806482,-73.988236701,0
40.742188308,-73.987924189,0
40.742188308,-73.987924189,0
40.741672706,-73.989288211,1
40.741886185,-73.988788494,1
40.742188308,-73.987924189,0
40.742188308,-73.987924189,0
40.741333333,-73.987833333,0
40.741672706,-73.989288211,1
40.74253442,-73.986724735,3
40.742188308,-73.987924189,0
40.742987534,-73.98751921,3
40.742188308,-73.987924189,0
40.742188308,-73.987924189,0
40.741672706,-73.989288211,1
40.743333333,-73.988166667,2
40.742333333,-73.988833333,1
40.741833333,-73.989,1
40.742188308,-73.987924189,0
40.742188308,-73.987924189,0
40.741859668,-73.989057541,1
40.7425,-73.988,0
40.742188308,-73.987924189,0
40.741160589,-73.988113403,0
40.742188308,-73.987924189,0
40.741666667,-73.989166667,1
40.742023,-73.9889813,1
40.741692213,-73.989335978,1
40.742666667,-73.987333333,3
40.741672706,-73.989288211,1
40.741672706,-73.989288211,1
40.742,-73.989166667,1
40.742188308,-73.987924189,0
40.742188308,-73.987924189,0
40.741666667,-73.989333333,1
40.742188308,-73.987924189,0
40.7430363,-73.987212181,3
40.742693208,-73.98663291,3
40.741160589,-73.988113403,0
40.741672706,-73.989288211,1
40.742445413,-73.986891167,3
40.742743,-73.9882242,2
40.743263909,-73.98810557,2
40.7430363,-73.987212181,3
40.742240798,-73.988798393,1
40.742188308,-73.987924189,0
40.741666667,-73.987833333,0
40.741833333,-73.988166667,0
40.741672706,-73.989288211,1
40.741666667,-73.989333333,1
40.741672706,-73.989288211,1
40.742188308,-73.987924189,0
40.741833333,-73.989333333,1
40.741666667,-73.989333333,1
40.742045039,-73.988993802,1
40.741833333,-73.989166667,1
40.741333333,-73.988833333,1
40.741666667,-73.988166667,0
40.742188308,-73.987924189,0
40.741672706,-73.989288211,1
40.742188308,-73.987924189,0
40.742315305,-73.988215495,0
40.742188308,-73.987924189,0
40.742188308,-73.987924189,0
40.741558512,-73.988543349,1
40.741666667,-73.9895,1
40.741261944,-73.98803833,0
40.742788275,-73.987608544,3
40.742402835,-73.988864942,1
40.742833333,-73.9875,3
40.742333333,-73.989,1
40.742,-73.989,1
40.741160589,-73.988113403,0
40.741333333,-73.989,1
40.7415,-73.989,1
40.743166667,-73.988,2
40.741631845,-73.989200369,1
40.74177417,-73.988988947,1
40.741672706,-73.989288211,1
40.742593872,-73.987291968,3
40.742188308,-73.987924189,0
40.741859668,-73.989057541,1
40.7430363,-73.987212181,3
40.743,-73.987333333,3
40.7430363,-73.987212181,3
40.742,-73.988666667,1
40.7415,-73.989333333,1
40.741904377,-73.98906827,1
40.742188308,-73.987924189,0
40.741786956,-73.988296508,0
40.74146282,-73.988859256,1
40.7415,-73.989166667,1
40.741535076,-73.989367923,1
40.741724339,-73.989375215,1
40.741851736,-73.98791845,0
40.74330149,-73.988116823,2
40.742333333,-73.989,1
40.742188308,-73.987924189,0
40.741666667,-73.989166667,1
40.741904377,-73.98906827,1
40.741672706,-73.989288211,1
40.742504867,-73.988889935,2
40.741672706,-73.989288211,1
40.741672706,-73.989288211,1
40.742188308,-73.987924189,0
40.742212187,-73.987377972,3
40.741672706,-73.989288211,1
40.741672706,-73.989288211,1
40.741340637,-73.989059448,1
40.741833333,-73.989,1
40.741666667,-73.989333333,1
40.741672706,-73.989288211,1
40.741859668,-73.989057541,1
40.742,-73.988666667,1
40.742188308,-73.987924189,0
40.741666667,-73.989166667,1
40.743167877,-73.988334656,2
40.741666667,-73.989333333,1
40.742166667,-73.987333333,3
40.742188308,-73.987924189,0
40.741672706,-73.989288211,1
40.742666667,-73.9875,3
40.742333333,-73.989,1
40.741160589,-73.988113403,0
40.741333333,-73.988,0
40.741672706,-73.989288211,1
40.742188308,-73.987924189,0
40.741833333,-73.988333333,0
40.741672706,-73.989288211,1
40.742188308,-73.987924189,0
40.741672706,-73.989288211,1
40.742188308,-73.987924189,0
40.741833333,-73.988333333,0
40.741833333,-73.988333333,0
40.742188308,-73.987924189,0
40.7421116,-73.9879219,0
40.741733551,-73.988662719,1
40.742188308,-73.987924189,0
40.742188308,-73.987924189,0
40.74313736,-73.988319397,2
40.742188308,-73.987924189,0
40.742188308,-73.987924189,0
40.741560951,-73.988896358,1
40.741672706,-73.989288211,1
40.74190122,-73.988934289,1
40.741160589,-73.988113403,0
40.741672706,-73.989288211,1
40.742188308,-73.987924189,0
40.741802767,-73.988649498,1
40.741869388,-73.989127614,1
40.741859668,-73.989057541,1
40.742,-73.988,0
40.741152023,-73.987997398,0
40.741666667,-73.988333333,0
40.742188308,-73.987924189,0
40.741433823,-73.98869955,1
40.742188308,-73.987924189,0
40.742166667,-73.988333333,0
40.741310119,-73.988998413,1
40.741672706,-73.989288211,1
40.742188308,-73.987924189,0
40.741672706,-73.989288211,1
40.7430363,-73.987212181,3
40.742188308,-73.987924189,0
40.742188308,-73.987924189,0
40.742903387,-73.988430725,2
40.741672706,-73.989288211,1
40.741833333,-73.9885,1
40.7415,-73.9895,1
40.7415,-73.988833333,1
40.741904377,-73.98906827,1
40.7415,-73.988166667,0
40.742823267,-73.987790467,3
40.742833333,-73.988333333,2
40.741851736,-73.98791845,0
40.741160589,-73.988113403,0
40.741672706,-73.989288211,1
40.742,-73.989,1
40.742377901,-73.987143684,3
40.742,-73.989166667,1
40.741160589,-73.988113403,0
40.741160589,-73.988113403,0
40.742776945,-73.988337824,2
40.7415,-73.9895,1
40.742188308,-73.987924189,0
40.74249044,-73.988035623,0
40.742249346,-73.98875988,1
40.741160589,-73.988113403,0
40.741160589,-73.988113403,0
40.742188308,-73.987924189,0
40.741728388,-73.988255309,0
40.742188308,-73.987924189,0
40.7415,-73.9895,1
40.742188308,-73.987924189,0
40.742,-73.988833333,1
40.741672706,-73.989288211,1
40.741666667,-73.988666667,1
40.741859668,-73.989057541,1
40.741672706,-73.989288211,1
40.7415,-73.988833333,1
40.741333333,-73.987666667,0
40.741672706,-73.989288211,1
40.741490867,-73.987620022,0
40.741833333,-73.987833333,0
40.742188308,-73.987924189,0
40.741672706,-73.989288211,1
40.742188308,-73.987924189,0
40.741846506,-73.989273375,1
40.742333333,-73.988166667,0
40.742188308,-73.987924189,0
40.742188308,-73.987924189,0
40.742166667,-73.988666667,1
40.741655,-73.988869,1
40.742188308,-73.987924189,0
40.742188308,-73.987924189,0
40.741938034,-73.988951467,1
40.742188308,-73.987924189,0
40.742825,-73.987731,3
40.741333333,-73.988666667,1
40.742188308,-73.987924189,0
40.742,-73.989166667,1
40.743,-73.987166667,3
40.742188308,-73.987924189,0
40.742188308,-73.987924189,0
40.742188308,-73.987924189,0
40.741672706,-73.989288211,1
40.742168427,-73.988670349,1
40.741160589,-73.988113403,0
40.742694855,-73.987007141,3
40.742188308,-73.987924189,0
40.742188308,-73.987924189,0
40.742805188,-73.986937079,3
40.741938034,-73.988951467,1
40.741966396,-73.988844559,1
40.742188308,-73.987924189,0
40.742188308,-73.987924189,0
40.742666667,-73.986833333,3
40.742036984,-73.988186494,0
40.742833333,-73.9875,3
40.741333333,-73.989,1
40.742188308,-73.987924189,0
40.741904377,-73.98906827,1
40.742788275,-73.987608544,3
40.741834871,-73.988664468,1
40.742188308,-73.987924189,0
40.742333333,-73.988833333,1
40.742188308,-73.987924189,0
40.741859668,-73.989057541,1
40.741672706,-73.989288211,1
40.743167877,-73.988334656,2
40.741672706,-73.989288211,1
40.742681615,-73.987187242,3
40.743,-73.987666667,3
40.742035271,-73.989007519,1
40.742188308,-73.987924189,0
40.741851736,-73.98791845,0
40.741672706,-73.989288211,1
40.742333333,-73.988833333,1
40.741854428,-73.988655351,1
40.742188308,-73.987924189,0
40.74253442,-73.986724735,3
40.741672706,-73.989288211,1
40.741672706,-73.989288211,1
40.7415,-73.9885,1
40.742058411,-73.989135163,1
40.741895897,-73.988781115,1
40.741899114,-73.988710604,1
40.741672706,-73.989288211,1
40.742666667,-73.9875,3
40.741672706,-73.989288211,1
40.741333333,-73.989,1
40.742655443,-73.98879854,2
40.742166667,-73.988833333,1
40.742,-73.989166667,1
40.742188308,-73.987924189,0
40.7415,-73.9885,1
40.741672706,-73.989288211,1
40.742040037,-73.989077332,1
40.742188308,-73.987924189,0
40.743218078,-73.988192193,2
40.742188308,-73.987924189,0
40.741537507,-73.987881979,0
40.743346862,-73.988014078,2
40.74118224,-73.988158079,0
40.743422994,-73.988255555,2
40.742188308,-73.987924189,0
40.742625025,-73.986891167,3
40.741160589,-73.988113403,0
40.742333333,-73.987166667,3
40.741333333,-73.989,1
40.741672706,-73.989288211,1
40.742188308,-73.987924189,0
40.741160589,-73.988113403,0
40.741588206,-73.988345134,0
40.7415,-73.988833333,1
40.742,-73.989,1
40.741160589,-73.988113403,0
40.742188308,-73.987924189,0
40.742153168,-73.989112854,1
40.742188308,-73.987924189,0
40.741672706,-73.989288211,1
40.742166667,-73.989166667,1
40.743333333,-73.988,2
40.741672706,-73.989288211,1
40.743030203,-73.988413811,2
40.741672706,-73.989288211,1
40.741672706,-73.989288211,1
40.742188308,-73.987924189,0
40.742693494,-73.988182628,2
40.742828529,-73.987145042,3
40.7425,-73.987833333,0
40.741672706,-73.989288211,1
40.741455586,-73.988073365,0
40.742261712,-73.987382594,3
40.741851736,-73.98791845,0
40.741,-73.988166667,1
40.741672706,-73.989288211,1
40.741672706,-73.989288211,1
40.742188308,-73.987924189,0
40.741433442,-73.988667451,1
40.742188308,-73.987924189,0
40.742206573,-73.989135742,1
40.742807415,-73.987776018,3
40.741454412,-73.988360362,1
40.741697092,-73.987812996,0
40.742188308,-73.987924189,0
40.742333333,-73.9885,2
40.742188308,-73.987924189,0
40.742188308,-73.987924189,0
40.741333333,-73.988833333,1
40.741666667,-73.9875,0
40.742622101,-73.988390392,2
40.74168998,-73.98899216,1
40.741348343,-73.988501798,1
40.743333333,-73.988166667,2
40.742,-73.9885,0
40.741833333,-73.9885,1
40.741485596,-73.989013672,1
40.743332,-73.988078133,2
40.741766513,-73.988146823,0
40.741666667,-73.988666667,1
40.741666667,-73.989333333,1
40.742333333,-73.989,1
40.742188308,-73.987924189,0
40.742188308,-73.987924189,0
40.742188308,-73.987924189,0
40.742188308,-73.987924189,0
40.742188308,-73.987924189,0
40.742188308,-73.987924189,0
40.742188308,-73.987924189,0
40.742333333,-73.9885,2
40.742673537,-73.98785349,3
40.742188308,-73.987924189,0
40.742184819,-73.98838288,0
40.742188308,-73.987924189,0
40.743,-73.9885,2
40.742188308,-73.987924189,0
40.742188308,-73.987924189,0
40.741672706,-73.989288211,1
40.742188308,-73.987924189,0
40.7415,-73.989,1
40.742188308,-73.987924189,0
40.742188308,-73.987924189,0
40.742188308,-73.987924189,0
40.742188308,-73.987924189,0
40.742694854,-73.988098144,2
40.742188308,-73.987924189,0
40.743166667,-73.988,2
40.741747747,-73.988814635,1
40.743,-73.988166666,2
40.741672706,-73.989288211,1
40.742333333,-73.988666666,2
40.741057684,-73.98833787,1
40.741166666,-73.988666666,1
40.743090333,-73.987981184,2
40.7425611,-73.9881734,2
40.741848649,-73.987683413,0
40.7430363,-73.987212181,3
40.741672706,-73.989288211,1
40.74183234,-73.988529983,1
40.741672706,-73.989288211,1
40.742833333,-73.987666666,3
40.741833333,-73.988,0
40.742188308,-73.987924189,0
40.742188308,-73.987924189,0
40.742625025,-73.986891167,3
40.741166666,-73.988666666,1
40.741802792,-73.988682863,1
40.742188308,-73.987924189,0
40.742166666,-73.987499999,0
40.742188308,-73.987924189,0
40.742833333,-73.988333333,2
40.741672706,-73.989288211,1
40.741672706,-73.989288211,1
40.742188308,-73.987924189,0
40.7415,-73.989,1
40.742333333,-73.987333333,3
40.741895046,-73.988594501,1
40.741672706,-73.989288211,1
40.741895046,-73.988594501,1
40.742188308,-73.987924189,0
40.741466239,-73.988843262,1
40.742188308,-73.987924189,0
40.741999999,-73.987499999,0
40.741607551,-73.988612868,1
40.742188308,-73.987924189,0
40.741160589,-73.988113403,0
40.7415,-73.989166666,1
40.741672706,-73.989288211,1
40.741672706,-73.989288211,1
40.741666666,-73.988833333,1
40.741666666,-73.9895,1
40.742188308,-73.987924189,0
40.74108895,-73.988483448,1
40.741333333,-73.988666666,1
40.741895495,-73.988720431,1
40.742188308,-73.987924189,0
40.742188308,-73.987924189,0
40.741885704,-73.988636927,1
40.743,-73.988333333,2
40.741666666,-73.989333333,1
40.741807301,-73.988849258,1
40.742188308,-73.987924189,0
40.741666666,-73.989333333,1
40.742188308,-73.987924189,0
40.742188308,-73.987924189,0
40.74243164,-73.987220764,3
40.741666666,-73.988666666,1
40.741666666,-73.989333333,1
40.741160589,-73.988113403,0
40.741330306,-73.988082725,0
40.742333333,-73.986999999,3
40.7415,-73.989333333,1
40.741938034,-73.988951467,1
40.7425,-73.987666666,3
40.741833333,-73.989166666,1
40.742188308,-73.987924189,0
40.741833333,-73.989,1
40.7415,-73.9895,1
40.741672706,-73.989288211,1
40.742737595,-73.987228172,3
40.742166666,-73.989166666,1
40.741904377,-73.98906827,1
40.742086693,-73.988172541,0
40.741672706,-73.989288211,1
40.742833333,-73.988333333,2
40.742188308,-73.987924189,0
40.741666666,-73.989,1
40.742833333,-73.988333333,2
40.741466181,-73.98822065,0
40.741672706,-73.989288211,1
40.741333333,-73.9885,1
40.741666666,-73.9885,1
40.741672706,-73.989288211,1
40.742188308,-73.987924189,0
40.74149704,-73.989257812,1
40.741661071,-73.988311767,0
40.741672706,-73.989288211,1
40.741672706,-73.989288211,1
40.741833333,-73.988666666,1
40.741848945,-73.988880126,1
40.7425,-73.987333333,3
40.741999999,-73.989,1
40.74198663,-73.988947526,1
40.741833333,-73.987333333,0
40.743,-73.9885,2
40.741885171,-73.988646036,1
40.741833333,-73.989333333,1
40.741851736,-73.98791845,0
40.740963221,-73.988081217,0
40.742188308,-73.987924189,0
40.742333333,-73.989,1
40.743130212,-73.988248755,2
40.741457398,-73.988480002,1
40.741666666,-73.987499999,0
40.742833333,-73.9885,2
40.741672706,-73.989288211,1
40.741833333,-73.988333333,0
40.742188308,-73.987924189,0
40.742188308,-73.987924189,0
40.741794328,-73.988417331,0
40.741160589,-73.988113403,0
40.7430363,-73.987212181,3
40.742188308,-73.987924189,0
40.742188308,-73.987924189,0
40.742666666,-73.987333333,3
40.741348047,-73.988271761,1
40.743333333,-73.988166666,2
40.741666666,-73.988833333,1
40.742506412,-73.987652482,3
40.742666666,-73.988333333,2
40.742333333,-73.988333333,0
40.742188308,-73.987924189,0
40.743182687,-73.988217239,2
40.742164571,-73.988469248,0
40.742188308,-73.987924189,0
40.741333333,-73.988333333,1
40.742188308,-73.987924189,0
40.742833333,-73.987833333,3
40.742188308,-73.987924189,0
40.741672706,-73.989288211,1
40.742184819,-73.98838288,0
40.742184819,-73.98838288,0
40.741672706,-73.989288211,1
40.742188308,-73.987924189,0
40.742763695,-73.988706339,2
40.742763695,-73.988706339,2
40.742188308,-73.987924189,0
40.742188308,-73.987924189,0
40.742188308,-73.987924189,0
40.742188308,-73.987924189,0
40.742188308,-73.987924189,0
40.742166666,-73.988833333,1
40.741672706,-73.989288211,1
40.742188308,-73.987924189,0
40.742188308,-73.987924189,0
40.741333333,-73.9885,1
40.742131226,-73.9881711,0
40.741851736,-73.98791845,0
40.741833333,-73.988166666,0
40.741851736,-73.98791845,0
40.7430363,-73.987212181,3
40.742188308,-73.987924189,0
40.742188308,-73.987924189,0
40.741607551,-73.988612868,1
40.741629774,-73.988680321,1
40.742188308,-73.987924189,0
40.740932464,-73.98802185,0
40.741672706,-73.989288211,1
40.741672706,-73.989288211,1
40.741666666,-73.989,1
40.742188308,-73.987924189,0
40.741333333,-73.988833333,1
40.742188308,-73.987924189,0
40.7430363,-73.987212181,3
40.742166666,-73.989,1
40.742188308,-73.987924189,0
40.742833333,-73.988666666,2
40.743030203,-73.988413811,2
40.7430363,-73.987212181,3
40.742780786,-73.988506513,2
40.741830342,-73.988714086,1
40.741672706,-73.989288211,1
40.742188308,-73.987924189,0
40.742832183,-73.988334655,2
40.742188308,-73.987924189,0
40.741832057,-73.989123636,1
40.74187253,-73.988569624,1
40.741904377,-73.98906827,1
40.741503476,-73.989427937,1
40.741519851,-73.988255165,0
40.7425,-73.988,0
40.742666666,-73.9885,2
40.741729075,-73.987852474,0
40.741500854,-73.987663269,0
40.742663855,-73.986994469,3
40.7415,-73.988833333,1
40.742000579,-73.988334655,0
40.741151272,-73.987775317,0
40.74135627,-73.988212616,0
40.741672706,-73.989288211,1
40.742308117,-73.987460228,3
40.741672706,-73.989288211,1
40.741672706,-73.989288211,1
40.742188308,-73.987924189,0
40.741651349,-73.988330347,0
40.7415,-73.9885,1
40.741333333,-73.988166666,0
40.742333333,-73.988666666,2
40.741160589,-73.988113403,0
40.741904377,-73.98906827,1
40.741672706,-73.989288211,1
40.741672706,-73.989288211,1
40.74184619,-73.988740047,1
40.742188308,-73.987924189,0
40.742333333,-73.989,1
40.742318823,-73.988716407,2
40.742188308,-73.987924189,0
40.741382589,-73.98831088,1
40.741857188,-73.987962062,0
40.743298368,-73.988227731,2
40.741833333,-73.988666666,1
40.741672706,-73.989288211,1
40.742188308,-73.987924189,0
40.742188308,-73.987924189,0
40.741672706,-73.989288211,1
40.742188308,-73.987924189,0
40.7415,-73.988833333,1
40.741672706,-73.989288211,1
40.741791646,-73.98750253,0
40.742510215,-73.988463002,2
40.743166666,-73.988166666,2
40.742070268,-73.988292129,0
40.741666666,-73.989166666,1
40.742188308,-73.987924189,0
40.742905103,-73.988275065,2
40.742188308,-73.987924189,0
40.742780786,-73.988506513,2
40.742607268,-73.98686722,3
40.741160589,-73.988113403,0
40.741666666,-73.988833333,1
40.741871785,-73.988574182,1
40.742188308,-73.987924189,0
40.742188308,-73.987924189,0
40.742666666,-73.988333333,2
40.741,-73.988166666,1
40.743337289,-73.988242989,2
40.742622025,-73.988411224,2
40.741672706,-73.989288211,1
40.741634368,-73.988883972,1
40.741672706,-73.989288211,1
40.741666666,-73.9885,1
40.742188308,-73.987924189,0
40.743180272,-73.988055196,2
40.742607117,-73.98828125,2
40.742188308,-73.987924189,0
40.742188308,-73.987924189,0
40.741666666,-73.989,1
40.742832879,-73.988495099,2
40.741833333,-73.988666666,1
40.741666666,-73.989333333,1
40.741666666,-73.988833333,1
40.74170548,-73.988890366,1
40.741672706,-73.989288211,1
40.742014128,-73.988653041,1
40.742166666,-73.988833333,1
40.741793992,-73.988762833,1
40.742188308,-73.987924189,0
40.741407503,-73.988437951,1
40.742188308,-73.987924189,0
40.741407503,-73.988437951,1
40.741672706,-73.989288211,1
40.742686037,-73.988548927,2
40.742188308,-73.987924189,0
40.742333333,-73.987333333,3
40.741666666,-73.988,0
40.743166666,-73.988166666,2
40.741833333,-73.988666666,1
40.742188308,-73.987924189,0
40.742188308,-73.987924189,0
40.742188308,-73.987924189,0
40.7415,-73.989333333,1
40.742184819,-73.98838288,0
40.742740631,-73.988494873,2
40.741407503,-73.988437951,1
40.742188308,-73.987924189,0
40.741333333,-73.988833333,1
40.742188308,-73.987924189,0
40.742188308,-73.987924189,0
40.741882703,-73.988570348,1
40.741882703,-73.988570348,1
40.742333333,-73.988666666,2
40.74188414,-73.988583878,1
40.742262085,-73.988256025,0
40.741672706,-73.989288211,1
40.741877297,-73.988549571,1
40.741310119,-73.988998413,1
40.742188308,-73.987924189,0
40.741672706,-73.989288211,1
40.742188308,-73.987924189,0
40.742331211,-73.988635615,2
40.741999999,-73.9885,0
40.741672706,-73.989288211,1
40.741908691,-73.989255632,1
40.741672706,-73.989288211,1
40.741672706,-73.989288211,1
40.741672706,-73.989288211,1
40.742188308,-73.987924189,0
40.742188308,-73.987924189,0
40.741407503,-73.988437951,1
40.741407503,-73.988437951,1
40.741999999,-73.988833333,1
40.741407503,-73.988437951,1
40.741973214,-73.988805507,1
40.741902519,-73.98759042,0
40.74249472,-73.98884179,2
40.742188308,-73.987924189,0
40.741851736,-73.98791845,0
40.741851736,-73.98791845,0
40.741407503,-73.988437951,1
40.741333333,-73.988833333,1
40.741672706,-73.989288211,1
40.741666666,-73.988166666,0
40.742188308,-73.987924189,0
40.741672706,-73.989288211,1
40.741939544,-73.988983154,1
40.741833333,-73.988666666,1
40.742188308,-73.987924189,0
40.741666666,-73.988333333,0
40.741672706,-73.989288211,1
40.742188308,-73.987924189,0
40.742188308,-73.987924189,0
40.742188308,-73.987924189,0
40.742774963,-73.988182067,2
40.74193309,-73.987650638,0
40.742188308,-73.987924189,0
40.74193309,-73.987650638,0
40.7425,-73.986833333,3
40.742188308,-73.987924189,0
40.742188308,-73.987924189,0
40.741697092,-73.987812996,0
40.741407503,-73.988437951,1
40.742281928,-73.988290415,0
40.742188308,-73.987924189,0
40.741471614,-73.989050586,1
40.742188308,-73.987924189,0
40.741999999,-73.989166666,1
40.742188308,-73.987924189,0
40.7415,-73.989,1
40.741833333,-73.989166666,1
40.742833333,-73.988,2
40.742188308,-73.987924189,0
40.741407503,-73.988437951,1
40.741672706,-73.989288211,1
40.741672706,-73.989288211,1
40.742188308,-73.987924189,0
40.742188308,-73.987924189,0
40.7415,-73.988333333,1
40.741666666,-73.987499999,0
40.741001129,-73.987998962,0
40.74098587,-73.987998962,0
40.741953252,-73.988704094,1
40.742345332,-73.988221359,0
40.742184819,-73.98838288,0
40.742188308,-73.987924189,0
40.742188308,-73.987924189,0
40.742188308,-73.987924189,0
40.741820437,-73.989288965,1
40.741666666,-73.9895,1
40.742166666,-73.988666666,1
40.742188308,-73.987924189,0
40.742166666,-73.987499999,0
40.741904377,-73.98906827,1
40.74201632,-73.98781488,0
40.742188308,-73.987924189,0
40.741500854,-73.988830566,1
40.7415,-73.989333333,1
40.741809368,-73.98757696,0
40.741407503,-73.988437951,1
40.74143809,-73.988379324,1
40.743036253,-73.988212595,2
40.741908859,-73.9891642,1
40.7415,-73.989166666,1
40.741408928,-73.987742168,0
40.742188308,-73.987924189,0
40.741833333,-73.988666666,1
40.742280552,-73.987534015,3
40.741546789,-73.988225199,0
40.741379296,-73.989099467,1
40.741528394,-73.989235619,1
40.741672706,-73.989288211,1
40.741672706,-73.989288211,1
40.741672706,-73.989288211,1
40.743,-73.988,2
40.7415,-73.9895,1
40.742188308,-73.987924189,0
40.742929933,-73.988262139,2
40.741448826,-73.988369611,1
40.741672706,-73.989288211,1
40.7415,-73.988833333,1
40.741619565,-73.988554878,1
40.742188308,-73.987924189,0
40.742188308,-73.987924189,0
40.742500305,-73.988502502,2
40.74164683,-73.98841049,1
40.742188308,-73.987924189,0
40.742188308,-73.987924189,0
40.741999999,-73.988666666,1
40.742188308,-73.987924189,0
40.742188308,-73.987924189,0
40.742188308,-73.987924189,0
40.741666666,-73.988666666,1
40.742666666,-73.988333333,2
40.742666666,-73.988333333,2
40.742188308,-73.987924189,0
40.742833333,-73.988333333,2
40.742188308,-73.987924189,0
40.742560417,-73.987751462,3
40.7415,-73.988166666,0
40.7430363,-73.987212181,3
40.741833333,-73.988833333,1
40.742000579,-73.988998413,1
40.741672706,-73.989288211,1
40.741634989,-73.988638826,1
40.742692105,-73.987091576,3
40.742188308,-73.987924189,0
40.741525893,-73.987749866,0
40.7425,-73.9885,2
40.743137527,-73.987551154,3
40.741666666,-73.989333333,1
40.7415246,-73.9887767,1
40.74121224,-73.988255174,1
40.742188308,-73.987924189,0
40.742188308,-73.987924189,0
40.742449064,-73.988145322,0
40.741333333,-73.988333333,1
40.74144418,-73.988372417,1
40.741574591,-73.988956147,1
40.741999999,-73.9885,0
40.741999999,-73.988666666,1
40.741333333,-73.988333333,1
40.741672706,-73.989288211,1
40.741263757,-73.987844087,0
40.74183525,-73.988679658,1
40.741407503,-73.988437951,1
40.741833333,-73.988666666,1
40.7425,-73.988833333,2
40.743167877,-73.988166809,2
40.742188308,-73.987924189,0
40.743030203,-73.988413811,2
40.741407503,-73.988437951,1
40.742188308,-73.987924189,0
40.741833333,-73.988666666,1
40.743152939,-73.988138752,2
40.7415,-73.989,1
40.741672706,-73.989288211,1
40.742428628,-73.987269764,3
40.742188308,-73.987924189,0
40.7413871,-73.9887265,1
40.742188308,-73.987924189,0
40.742188308,-73.987924189,0
40.741500854,-73.989501953,1
40.743,-73.987333333,3
40.742873441,-73.988245573,2
40.743,-73.988166666,2
40.742188308,-73.987924189,0
40.741407503,-73.988437951,1
40.742117,-73.988777,1
40.742740631,-73.988296508,2
40.74274826,-73.988571167,2
40.741672706,-73.989288211,1
40.7415,-73.989333333,1
40.743453442,-73.988210633,2
40.742640607,-73.987211594,3
40.741833333,-73.989,1
40.742188308,-73.987924189,0
40.742188308,-73.987924189,0
40.7415,-73.988666666,1
40.741672706,-73.989288211,1
40.74140757,-73.98876303,1
40.742188308,-73.987924189,0
40.741672706,-73.989288211,1
40.741666666,-73.9895,1
40.743030203,-73.988413811,2
40.743069329,-73.988186987,2
40.741672706,-73.989288211,1
40.741999999,-73.9885,0
40.742188308,-73.987924189,0
40.741672706,-73.989288211,1
40.742188308,-73.987924189,0
40.741833333,-73.988166666,0
40.741464878,-73.989345859,1
40.741666666,-73.989166666,1
40.741833333,-73.988,0
40.741333333,-73.988333333,1
40.742158563,-73.988684853,1
40.742166666,-73.988666666,1
40.742166666,-73.987833333,0
40.7415,-73.988833333,1
40.742188308,-73.987924189,0
40.742833333,-73.988666666,2
40.741872447,-73.988775489,1
40.742833333,-73.987666666,3
40.741999999,-73.9885,0
40.741333333,-73.9885,1
40.742833333,-73.9885,2
40.742666666,-73.988333333,2
40.742188308,-73.987924189,0
40.7430363,-73.987212181,3
40.742188308,-73.987924189,0
40.741407503,-73.988437951,1
40.741666666,-73.988666666,1
40.742188308,-73.987924189,0
40.7421281,-73.9890022,1
40.741672706,-73.989288211,1
40.7425,-73.988833333,2
40.741666666,-73.988666666,1
40.742166666,-73.989,1
40.741672706,-73.989288211,1
40.742333333,-73.988666666,2
40.742188308,-73.987924189,0
40.742188308,-73.987924189,0
40.742188308,-73.987924189,0
40.742666666,-73.9885,2
40.741333333,-73.988,0
40.743333333,-73.988166666,2
40.741648734,-73.987626666,0
40.741519993,-73.988518797,1
40.741666666,-73.988833333,1
40.741666666,-73.989333333,1
40.742188308,-73.987924189,0
40.7425,-73.988833333,2
40.742188308,-73.987924189,0
40.742188308,-73.987924189,0
40.741851736,-73.98791845,0
40.741673478,-73.988733386,1
40.74209882,-73.989178845,1
40.741832733,-73.988830566,1
40.741666666,-73.988833333,1
40.742188308,-73.987924189,0
40.742188308,-73.987924189,0
40.741999999,-73.988666666,1
40.741651752,-73.988040564,0
40.742059262,-73.988582708,1
40.742188308,-73.987924189,0
40.741672706,-73.989288211,1
40.742333284,-73.988810358,1
40.741733551,-73.988662719,1
40.742166666,-73.988166666,0
40.742188308,-73.987924189,0
40.742666666,-73.988333333,2
40.741666666,-73.9895,1
40.741666666,-73.989333333,1
40.741407503,-73.988437951,1
40.742666666,-73.987666666,3
40.7425,-73.988833333,2
40.741999999,-73.988166666,0
40.742166666,-73.987166666,3
40.741666666,-73.9885,1
40.7430363,-73.987212181,3
40.741666666,-73.988833333,1
40.741672706,-73.989288211,1
40.741833333,-73.989166666,1
40.741833333,-73.988833333,1
40.741999999,-73.9885,0
40.743,-73.988333333,2
40.741672706,-73.989288211,1
40.741672706,-73.989288211,1
40.742198944,-73.988349914,0
40.741666666,-73.989166666,1
40.742188308,-73.987924189,0
40.741673478,-73.988733386,1
40.741500854,-73.988830566,1
40.741999999,-73.988833333,1
40.741867633,-73.98856485,1
40.7415,-73.9885,1
40.742188308,-73.987924189,0
40.741477266,-73.989068172,1
40.741868782,-73.988587388,1
40.741666666,-73.988833333,1
40.742188308,-73.987924189,0
40.741881213,-73.988526797,1
40.743282647,-73.988082592,2
40.742188308,-73.987924189,0
40.742333333,-73.988333333,0
40.742188308,-73.987924189,0
40.741666666,-73.9885,1
40.741672706,-73.989288211,1
40.741666666,-73.9895,1
40.7415,-73.988699999,1
40.741833333,-73.989,1
40.742188308,-73.987924189,0
40.741833333,-73.9885,1
40.741833333,-73.988833333,1
40.741833333,-73.988333333,0
40.743258588,-73.987882377,2
40.742188308,-73.987924189,0
40.741697303,-73.988380586,0
40.741672706,-73.989288211,1
40.742166666,-73.989166666,1
40.742188308,-73.987924189,0
40.741333333,-73.9885,1
40.742166666,-73.988666666,1
40.742188308,-73.987924189,0
40.742188308,-73.987924189,0
40.742166666,-73.9885,0
40.741999999,-73.989,1
40.742833333,-73.987833333,3
40.741672706,-73.989288211,1
40.742341274,-73.988201335,0
40.742188308,-73.987924189,0
40.741744995,-73.987876892,0
40.742188308,-73.987924189,0
40.741666666,-73.989166666,1
40.742188308,-73.987924189,0
40.742188308,-73.987924189,0
40.741666666,-73.989,1
40.743,-73.988333333,2
40.7425,-73.9885,2
40.741672706,-73.989288211,1
40.742666666,-73.988333333,2
40.741999999,-73.987333333,0
40.741666666,-73.9895,1
40.741666666,-73.9885,1
40.741424884,-73.988308004,1
40.742166666,-73.988666666,1
40.741666666,-73.989333333,1
40.742188308,-73.987924189,0
40.741666666,-73.989333333,1
40.742188308,-73.987924189,0
40.742188308,-73.987924189,0
40.741842373,-73.98863696,1
40.741832483,-73.988609939,1
40.741627413,-73.989474164,1
40.742188308,-73.987924189,0
40.741833333,-73.988333333,0
40.741666666,-73.988833333,1
40.741999999,-73.9885,0
40.741609826,-73.988571885,1
40.741764761,-73.988751129,1
40.742850485,-73.987726812,3
40.742188308,-73.987924189,0
40.742188308,-73.987924189,0
40.741666666,-73.988666666,1
40.7430363,-73.987212181,3
40.741407503,-73.988437951,1
40.74220349,-73.988420851,0
40.742188308,-73.987924189,0
40.741672706,-73.989288211,1
40.741407503,-73.988437951,1
40.741833333,-73.988666666,1
40.742188308,-73.987924189,0
40.742188308,-73.987924189,0
40.741859436,-73.988800048,1
40.742188308,-73.987924189,0
40.741672706,-73.989288211,1
40.7415,-73.9885,1
40.742221832,-73.989044189,1
40.741651877,-73.987842081,0
40.741938034,-73.988951467,1
40.741289808,-73.98873934,1
40.742188308,-73.987924189,0
40.742188308,-73.987924189,0
40.742188308,-73.987924189,0
40.742188308,-73.987924189,0
40.742897036,-73.987666375,3
40.742819994,-73.987794321,3
40.742897036,-73.987666375,3
40.742188308,-73.987924189,0
40.741607551,-73.988612868,1
40.741867915,-73.988705752,1
40.741999999,-73.988,0
40.7425,-73.988333333,2
40.741672706,-73.989288211,1
40.741666666,-73.989333333,1
40.742188308,-73.987924189,0
40.741672706,-73.989288211,1
40.742188308,-73.987924189,0
40.741666666,-73.987499999,0
40.742665234,-73.98807562,2
40.742188308,-73.987924189,0
40.742188308,-73.987924189,0
40.7425,-73.988166666,2
40.741407503,-73.988437951,1
40.742188308,-73.987924189,0
40.742188308,-73.987924189,0
40.7430363,-73.987212181,3
40.7430363,-73.987212181,3
40.7430363,-73.987212181,3
40.743137527,-73.987551154,3
40.7430363,-73.987212181,3
40.742418528,-73.987858425,0
40.74156655,-73.988588824,1
40.741500854,-73.989166259,1
40.741672706,-73.989288211,1
40.742463818,-73.987304376,3
40.741833333,-73.987833333,0
40.741938034,-73.988951467,1
40.743009611,-73.988277885,2
40.742188308,-73.987924189,0
40.742188308,-73.987924189,0
40.742188308,-73.987924189,0
40.742188308,-73.987924189,0
40.741999999,-73.988,0
40.741939544,-73.988983154,1
40.742782898,-73.98846726,2
40.741672706,-73.989288211,1
40.742188308,-73.987924189,0
40.742188308,-73.987924189,0
40.742188308,-73.987924189,0
40.742188308,-73.987924189,0
40.742188308,-73.987924189,0
40.741666666,-73.989166666,1
40.741833333,-73.988166666,0
40.741672706,-73.989288211,1
40.742188308,-73.987924189,0
40.741407503,-73.988437951,1
40.741407503,-73.988437951,1
40.742668151,-73.987998962,2
40.742188308,-73.987924189,0
40.74161241,-73.98865445,1
40.741664886,-73.989334106,1
40.741664886,-73.989166259,1
40.742188308,-73.987924189,0
40.742188308,-73.987924189,0
40.742188308,-73.987924189,0
40.741292309,-73.988897389,1
40.741664886,-73.989334106,1
40.741672706,-73.989288211,1
40.742188308,-73.987924189,0
40.741333333,-73.988833333,1
40.741672706,-73.989288211,1
40.742188308,-73.987924189,0
40.741672706,-73.989288211,1
40.742188308,-73.987924189,0
40.741832733,-73.989334106,1
40.742188308,-73.987924189,0
40.742188308,-73.987924189,0
40.742188308,-73.987924189,0
40.742188308,-73.987924189,0
40.74231326,-73.987876578,0
40.742188308,-73.987924189,0
40.742188308,-73.987924189,0
40.742212599,-73.988465402,0
40.742333333,-73.989,1
40.743168983,-73.987884016,2
40.742188308,-73.987924189,0
40.741672706,-73.989288211,1
40.742188308,-73.987924189,0
40.741666666,-73.989,1
40.742188308,-73.987924189,0
40.741676167,-73.988945167,1
40.742188308,-73.987924189,0
40.741672706,-73.989288211,1
40.742188308,-73.987924189,0
40.742708623,-73.988761672,2
40.742588043,-73.988113403,2
40.7425,-73.988833333,2
40.742188308,-73.987924189,0
40.742188308,-73.987924189,0
40.741407503,-73.988437951,1
40.741672706,-73.989288211,1
40.741477684,-73.988612118,1
40.742188308,-73.987924189,0
40.741999999,-73.9885,0
40.742000579,-73.988830566,1
40.7421303,-73.9889044,1
40.741666666,-73.987666666,0
40.741672706,-73.989288211,1
40.742206914,-73.986965774,3
40.742833333,-73.987833333,3
40.741672706,-73.989288211,1
40.742218597,-73.988951027,1
40.742188308,-73.987924189,0
40.742500305,-73.987998962,0
40.742188308,-73.987924189,0
40.742188308,-73.987924189,0
40.741407503,-73.988437951,1
40.742188308,-73.987924189,0
40.742166666,-73.987499999,0
40.741672706,-73.989288211,1
40.7415,-73.9885,1
40.742817965,-73.988193948,2
40.742188308,-73.987924189,0
40.741166666,-73.9885,1
40.7416376,-73.9891971,1
40.742188308,-73.987924189,0
40.742188308,-73.987924189,0
40.741500854,-73.988998413,1
40.742832183,-73.988502502,2
40.742188308,-73.987924189,0
40.742188308,-73.987924189,0
40.742188308,-73.987924189,0
40.742188308,-73.987924189,0
40.742668151,-73.988334655,2
40.742788275,-73.987608544,3
40.743184652,-73.987954816,2
40.742188308,-73.987924189,0
40.74167633,-73.988197326,0
40.741630554,-73.98902893,1
40.741851736,-73.98791845,0
40.742188308,-73.987924189,0
40.742188308,-73.987924189,0
40.742855072,-73.987213134,3
40.742188308,-73.987924189,0
40.741672706,-73.989288211,1
40.742306875,-73.988364848,0
40.74162199,-73.988643768,1
40.743003845,-73.988243103,2
40.742500305,-73.987663269,3
40.742188308,-73.987924189,0
40.741666666,-73.988833333,1
40.742668151,-73.987998962,2
40.742188308,-73.987924189,0
40.742641448,-73.987968444,2
40.7430363,-73.987212181,3
40.742188308,-73.987924189,0
40.741333333,-73.989,1
40.741672706,-73.989288211,1
40.7415,-73.989166666,1
40.742188308,-73.987924189,0
40.741672706,-73.989288211,1
40.742497206,-73.988503904,2
40.742188308,-73.987924189,0
40.742188308,-73.987924189,0
40.742188308,-73.987924189,0
40.742188308,-73.987924189,0
40.741672706,-73.989288211,1
40.74305725,-73.987991333,2
40.741458892,-73.988883972,1
40.741458892,-73.988883972,1
40.741458892,-73.988883972,1
40.742188308,-73.987924189,0
40.742188308,-73.987924189,0
40.743418619,-73.98822645,2
40.741851736,-73.98791845,0
40.742188308,-73.987924189,0
40.741672706,-73.989288211,1
40.7419281,-73.989013671,1
40.742191314,-73.98890686,1
40.742832183,-73.987663269,3
40.742188308,-73.987924189,0
40.741851736,-73.98791845,0
40.742188308,-73.987924189,0
40.742188308,-73.987924189,0
40.741851736,-73.98791845,0
40.741612409,-73.988654449,1
40.742833333,-73.988,2
40.741672706,-73.989288211,1
40.742188308,-73.987924189,0
40.741666666,-73.988833333,1
40.741697092,-73.987812996,0
40.741828918,-73.98890686,1
40.741500854,-73.988502502,1
40.742188308,-73.987924189,0
40.741666666,-73.9885,1
40.742188308,-73.987924189,0
40.7415,-73.989333333,1
40.742832183,-73.988166809,2
40.742333333,-73.987333333,3
40.74300003,-73.988334655,2
40.742188308,-73.987924189,0
40.741851736,-73.98791845,0
40.742188308,-73.987924189,0
40.7415,-73.988833333,1
40.743352741,-73.988092589,2
40.742408752,-73.988319396,2
40.741612223,-73.988652269,1
40.741851736,-73.98791845,0
40.742188308,-73.987924189,0
40.741916656,-73.988212585,0
40.742188308,-73.987924189,0
40.741672706,-73.989288211,1
40.742000579,-73.988830566,1
40.7415,-73.9885,1
40.74184163,-73.98872693,1
40.742420196,-73.988487243,2
40.741672706,-73.989288211,1
40.741666666,-73.989333333,1
40.742569737,-73.988761657,2
40.7415,-73.9885,1
40.742668151,-73.987503051,3
40.742188308,-73.987924189,0
40.741672706,-73.989288211,1
40.741672706,-73.989288211,1
40.741859668,-73.989057541,1
40.742188308,-73.987924189,0
40.741672706,-73.989288211,1
40.742188308,-73.987924189,0
40.742188308,-73.987924189,0
40.742188308,-73.987924189,0
40.742013193,-73.988542985,1
40.741567472,-73.989355769,1
40.742188308,-73.987924189,0
40.742188308,-73.987924189,0
40.742188308,-73.987924189,0
40.741672706,-73.989288211,1
40.741931915,-73.988014221,0
40.74230957,-73.988296508,0
40.741672706,-73.989288211,1
40.742188308,-73.987924189,0
40.742576599,-73.987228393,3
40.741833333,-73.989333333,1
40.741500854,-73.989501953,1
40.741832733,-73.987503051,0
40.742188308,-73.987924189,0
40.742184453,-73.987063811,3
40.741407503,-73.988437951,1
40.741666666,-73.988666666,1
40.742188308,-73.987924189,0
40.741794586,-73.988861083,1
40.742188308,-73.987924189,0
40.742188308,-73.987924189,0
40.742188308,-73.987924189,0
40.742188308,-73.987924189,0
40.741672706,-73.989288211,1
40.7415361,-73.9886162,1
40.743339538,-73.988029479,2
40.742044612,-73.988694018,1
40.742568969,-73.98852539,2
40.741500854,-73.988166809,0
40.742188308,-73.987924189,0
40.741832733,-73.988502502,1
40.742188308,-73.987924189,0
40.742188308,-73.987924189,0
40.742188308,-73.987924189,0
40.742188308,-73.987924189,0
40.741760253,-73.988586425,1
40.742188308,-73.987924189,0
40.742832183,-73.988334655,2
40.742188308,-73.987924189,0
40.742767333,-73.986618041,3
40.742188308,-73.987924189,0
40.742832183,-73.988502502,2
40.741416346,-73.988423481,1
40.742188308,-73.987924189,0
40.741407503,-73.988437951,1
40.741697092,-73.987812996,0
40.741832733,-73.989334106,1
40.742188308,-73.987924189,0
40.742188308,-73.987924189,0
40.74300003,-73.987831115,2
40.742188308,-73.987924189,0
40.742188308,-73.987924189,0
40.742188308,-73.987924189,0
40.742668151,-73.987831115,3
40.742500305,-73.988334655,2
40.741672706,-73.989288211,1
40.742188308,-73.987924189,0
40.742188308,-73.987924189,0
40.742500305,-73.987998962,0
40.742188308,-73.987924189,0
40.741832057,-73.989123636,1
40.741664886,-73.988166809,0
40.741382598,-73.988723754,1
40.741561889,-73.988838195,1
40.741664886,-73.988670349,1
40.743034362,-73.988334655,2
40.741672706,-73.989288211,1
40.741672706,-73.989288211,1
40.741859668,-73.989057541,1
40.74236679,-73.988639831,2
40.741672706,-73.989288211,1
40.741672706,-73.989288211,1
40.741672706,-73.989288211,1
40.74300003,-73.988166809,2
40.742188308,-73.987924189,0
40.741672706,-73.989288211,1
40.741500854,-73.988334655,1
40.743167877,-73.988334655,2
40.743240356,-73.988220214,2
40.741407503,-73.988437951,1
40.74300003,-73.988502502,2
40.743030203,-73.988413811,2
40.742416381,-73.988426208,2
40.742332458,-73.988502502,2
40.742000579,-73.988502502,0
40.741500854,-73.988830566,1
40.741664886,-73.988334655,0
40.742188308,-73.987924189,0
40.741500854,-73.988998413,1
40.742500305,-73.987998962,0
40.741664886,-73.989334106,1
40.741664886,-73.988998413,1
40.742500305,-73.986999511,3
40.741407503,-73.988437951,1
40.741672706,-73.989288211,1
40.741938034,-73.988951467,1
40.7416318,-73.9883855,1
40.742013,-73.987158,3
40.741664886,-73.989334106,1
40.741500854,-73.988166809,0
40.741672706,-73.989288211,1
40.741672706,-73.989288211,1
40.74236679,-73.98852539,2
40.742188308,-73.987924189,0
40.741672706,-73.989288211,1
40.742188308,-73.987924189,0
40.742832183,-73.988670349,2
40.741672706,-73.989288211,1
40.742774963,-73.988182067,2
40.742023468,-73.988876342,1
40.742188308,-73.987924189,0
40.741672706,-73.989288211,1
40.741752624,-73.989379882,1
40.742188308,-73.987924189,0
40.741500854,-73.989334106,1
40.742832183,-73.988670349,2
40.742832183,-73.988334655,2
40.742188308,-73.987924189,0
40.741363525,-73.989128112,1
40.741664886,-73.988166809,0
40.742000579,-73.988830566,1
40.741500854,-73.987663269,0
40.742500305,-73.988166809,2
40.742188308,-73.987924189,0
40.741672706,-73.989288211,1
40.743331909,-73.988227844,2
40.741672706,-73.989288211,1
40.741439819,-73.989067077,1
40.741407503,-73.988437951,1
40.741832733,-73.987998962,0
40.741085052,-73.987968444,0
40.74135971,-73.988952636,1
40.741481781,-73.989082336,1
40.74174118,-73.98865509,1
40.741729736,-73.988716125,1
40.741752624,-73.988731384,1
40.741767883,-73.988739013,1
40.742188308,-73.987924189,0
40.741828918,-73.988853454,1
40.741664886,-73.989334106,1
40.741672706,-73.989288211,1
40.742710113,-73.986976623,3
40.741407503,-73.988437951,1
40.742168426,-73.988334655,0
40.741672706,-73.989288211,1
40.742188308,-73.987924189,0
40.742188308,-73.987924189,0
40.741672706,-73.989288211,1
40.742188308,-73.987924189,0
40.742000579,-73.988334655,0
40.742188308,-73.987924189,0
40.741672706,-73.989288211,1
40.742668151,-73.987831115,3
40.742188308,-73.987924189,0
40.742188308,-73.987924189,0
40.743255615,-73.988059997,2
40.742188308,-73.987924189,0
40.743137359,-73.988052368,2
40.743167877,-73.987998962,2
40.742188308,-73.987924189,0
40.741672706,-73.989288211,1
40.741672706,-73.989288211,1
40.741672706,-73.989288211,1
40.741832733,-73.988830566,1
40.742721557,-73.987747192,3
40.742168426,-73.988334655,0
40.742832183,-73.987998962,2
40.741336822,-73.988975524,1
40.742188308,-73.987924189,0
40.741500854,-73.989501953,1
40.742736816,-73.988388061,2
40.741664886,-73.989334106,1
40.742668151,-73.988670349,2
40.741672706,-73.989288211,1
40.742188308,-73.987924189,0
40.742500305,-73.988334655,2
40.742188308,-73.987924189,0
40.741664886,-73.988502502,1
40.741664886,-73.988998413,1
40.741664886,-73.988830566,1
40.742188308,-73.987924189,0
40.741664886,-73.989334106,1
40.742500305,-73.988334655,2
40.742332458,-73.988670349,2
40.74300003,-73.987167358,3
40.742188308,-73.987924189,0
40.741407503,-73.988437951,1
40.741407503,-73.988437951,1
40.741672706,-73.989288211,1
40.742188308,-73.987924189,0
40.74217987,-73.988563537,0
40.742188308,-73.987924189,0
40.741672706,-73.989288211,1
40.742188308,-73.987924189,0
40.7416346,-73.9885141,1
40.741847991,-73.98864746,1
40.742188308,-73.987924189,0
40.7421189,-73.9889733,1
40.741672706,-73.989288211,1
40.742188308,-73.987924189,0
40.742188308,-73.987924189,0
40.741672706,-73.989288211,1
40.741672706,-73.989288211,1
40.740962982,-73.988113403,1
40.741653442,-73.988769531,1
40.742000579,-73.988998413,1
40.741672706,-73.989288211,1
40.742668151,-73.987663269,3
40.741407503,-73.988437951,1
40.741664886,-73.989166259,1
40.741714477,-73.989234924,1
40.741672706,-73.989288211,1
40.741672706,-73.989288211,1
40.743007659,-73.988380432,2
40.741825103,-73.988510131,1
40.741485595,-73.988922119,1
40.742188308,-73.987924189,0
40.741348266,-73.98877716,1
40.742000579,-73.988670349,1
40.742188308,-73.987924189,0
40.741333007,-73.988830566,1
40.742188308,-73.987924189,0
40.742188308,-73.987924189,0
40.742188308,-73.987924189,0
40.741672706,-73.989288211,1
40.742000579,-73.988670349,1
40.741500854,-73.989334106,1
40.742188308,-73.987924189,0
40.741500854,-73.988998413,1
40.741664886,-73.989334106,1
40.741504669,-73.989212036,1
40.741500854,-73.988998413,1
40.741664886,-73.989334106,1
40.741672706,-73.989288211,1
40.741672706,-73.989288211,1
40.741664886,-73.988166809,0
40.741832733,-73.989166259,1
40.741664886,-73.988334655,0
40.741664886,-73.989166259,1
40.742188308,-73.987924189,0
40.743331909,-73.988166809,2
40.742034912,-73.988685607,1
40.741859668,-73.989057541,1
40.741600036,-73.988838195,1
40.741832733,-73.989334106,1
40.741407503,-73.988437951,1
40.741859668,-73.989057541,1
40.741672706,-73.989288211,1
40.741020202,-73.988243103,1
40.742188308,-73.987924189,0
40.742599487,-73.987998962,2
40.74129486,-73.988983154,1
40.74129486,-73.988983154,1
40.742000579,-73.989166259,1
40.742458343,-73.987564086,3
40.741664886,-73.988334655,0
40.742801666,-73.988487243,2
40.741672706,-73.989288211,1
40.741500854,-73.987663269,0
40.742188308,-73.987924189,0
40.741580963,-73.988891601,1
40.742188308,-73.987924189,0
40.741672706,-73.989288211,1
40.743331909,-73.988166809,2
40.741333007,-73.988830566,1
40.741672706,-73.989288211,1
40.742188308,-73.987924189,0
40.742668151,-73.987663269,3
40.741832733,-73.988830566,1
40.742188308,-73.987924189,0
40.742855072,-73.987533569,3
40.742954254,-73.988380432,2
40.741672706,-73.989288211,1
40.742188308,-73.987924189,0
40.742188308,-73.987924189,0
40.741851736,-73.98791845,0
40.741333007,-73.988166809,0
40.742671966,-73.987091064,3
40.742188308,-73.987924189,0
40.742188308,-73.987924189,0
40.742566455,-73.987838104,3
40.742668151,-73.988166809,2
40.741813659,-73.988883972,1
40.741672706,-73.989288211,1
40.742000579,-73.987831115,0
40.740943908,-73.98802185,0
40.742774963,-73.988182067,2
40.741165161,-73.988670349,1
40.742188308,-73.987924189,0
40.74211502,-73.988838195,1
40.741825103,-73.988128662,0
40.742393493,-73.987541198,3
40.742778778,-73.987190246,3
40.742023468,-73.988197326,0
40.742076873,-73.987419128,0
40.74243927,-73.987487792,3
40.742145538,-73.987953186,0
40.742188308,-73.987924189,0
40.742206573,-73.987457275,3
40.741767883,-73.987861276,0
40.742188308,-73.987924189,0
40.741500854,-73.989501953,1
40.741672706,-73.989288211,1
40.742188308,-73.987924189,0
40.742188308,-73.987924189,0
40.742774963,-73.988182067,2
40.742188308,-73.987924189,0
40.743167877,-73.987998962,2
40.742188308,-73.987924189,0
40.741996765,-73.987548828,0
40.742188308,-73.987924189,0
40.742188308,-73.987924189,0
40.742188308,-73.987924189,0
40.742188308,-73.987924189,0
40.742188308,-73.987924189,0
40.741943359,-73.98878479,1
40.742500305,-73.988334655,2
40.741672706,-73.989288211,1
40.741664886,-73.989166259,1
40.741672706,-73.989288211,1
40.742500305,-73.988334655,2
40.742188308,-73.987924189,0
40.742188308,-73.987924189,0
40.74300003,-73.988502502,2
40.742188308,-73.987924189,0
40.741333007,-73.988998413,1
40.741500854,-73.989334106,1
40.74255371,-73.988616943,2
40.742188308,-73.987924189,0
40.742188308,-73.987924189,0
40.742774963,-73.988182067,2
40.742332458,-73.987998962,0
40.742168426,-73.988998413,1
40.742168426,-73.988998413,1
40.742188308,-73.987924189,0
40.742168426,-73.988998413,1
40.741407503,-73.988437951,1
40.742188308,-73.987924189,0
40.741664886,-73.988166809,0
40.741607551,-73.988612868,1
40.741607551,-73.988612868,1
40.741607551,-73.988612868,1
40.741607551,-73.988612868,1
40.742188308,-73.987924189,0
40.741664886,-73.988166809,0
40.742465877,-73.987706107,3
40.741664886,-73.988334655,0
40.741672706,-73.989288211,1
40.741672706,-73.989288211,1
40.742188308,-73.987924189,0
40.741664886,-73.988670349,1
40.741500854,-73.988670349,1
40.742332458,-73.988830566,1
40.741104125,-73.98827362,1
40.742188308,-73.987924189,0
40.74300003,-73.987167358,3
40.742774963,-73.988182067,2
40.741672706,-73.989288211,1
40.742188308,-73.987924189,0
40.742188308,-73.987924189,0
40.741333007,-73.988334655,1
40.742188308,-73.987924189,0
40.741539001,-73.988700866,1
40.741407503,-73.988437951,1
40.742950439,-73.98852539,2
40.742950439,-73.98852539,2
40.742706298,-73.988212585,2
40.742717742,-73.988296508,2
40.74268341,-73.988311767,2
40.74163038,-73.98954533,1
40.74268341,-73.988212585,2
40.741500854,-73.989501953,1
40.742188308,-73.987924189,0
40.742168426,-73.987167358,3
40.741500854,-73.988670349,1
40.742188308,-73.987924189,0
40.742188308,-73.987924189,0
40.742188308,-73.987924189,0
40.742188308,-73.987924189,0
40.741672706,-73.989288211,1
40.741859668,-73.989057541,1
40.74161911,-73.988563537,1
40.741672706,-73.989288211,1
40.742645263,-73.988235473,2
40.741664886,-73.989334106,1
40.741832733,-73.989166259,1
40.741672706,-73.989288211,1
40.742188308,-73.987924189,0
40.742188308,-73.987924189,0
40.742188308,-73.987924189,0
40.741333007,-73.988830566,1
40.741664886,-73.988334655,0
40.742188308,-73.987924189,0
40.742188308,-73.987924189,0
40.742188308,-73.987924189,0
40.741832733,-73.988334655,0
40.741832733,-73.988502502,1
40.742000579,-73.988670349,1
40.742188308,-73.987924189,0
40.742168426,-73.987335205,3
40.742188308,-73.987924189,0
40.741407503,-73.988437951,1
40.741655,-73.988869,1
40.741672706,-73.989288211,1
40.7426738,-73.9880441,2
40.742184819,-73.98838288,0
40.742168426,-73.987663269,0
40.742188308,-73.987924189,0
40.74300003,-73.988502502,2
40.741062164,-73.988441467,1
40.741333007,-73.988502502,1
40.741672706,-73.989288211,1
40.741672706,-73.989288211,1
40.742500305,-73.987335205,3
40.742668151,-73.988166809,2
40.7419281,-73.988342285,0
40.742637634,-73.987907409,2
40.742188308,-73.987924189,0
40.741904377,-73.98906827,1
40.742000579,-73.987831115,0
40.742188308,-73.987924189,0
40.742332458,-73.988998413,1
40.742000579,-73.988998413,1
40.741672706,-73.989288211,1
40.742500305,-73.986999511,3
40.74149073,-73.98946821,1
40.741600037,-73.989555359,1
40.742188308,-73.987924189,0
40.741664886,-73.987663269,0
40.74158599,-73.98946833,1
40.741672706,-73.989288211,1
40.742188308,-73.987924189,0
40.742668151,-73.987663269,3
40.742188308,-73.987924189,0
40.742188308,-73.987924189,0
40.742188308,-73.987924189,0
40.741481781,-73.988876342,1
40.742188308,-73.987924189,0
40.741664886,-73.988830566,1
40.742588043,-73.987976074,2
40.742188308,-73.987924189,0
40.741825103,-73.988571166,1
40.741664886,-73.989501953,1
40.742332458,-73.988502502,2
40.7422304,-73.9881334,0
40.7422304,-73.9881334,0
40.742188308,-73.987924189,0
40.7422304,-73.9881334,0
40.7422304,-73.9881334,0
40.742188308,-73.987924189,0
40.742188308,-73.987924189,0
40.742088317,-73.988800048,1
40.7422304,-73.9881334,0
40.742168426,-73.988830566,1
40.741832733,-73.988998413,1
40.742188308,-73.987924189,0
40.742188308,-73.987924189,0
40.742188308,-73.987924189,0
40.742188308,-73.987924189,0
